CO2,Speed
746,7.82
746,9.23
746,10.98
746,13.89
746,12.53
746,16.53
746,15.22
746,18.18
747,20.24
747,19.48
747,20.59
747,20.43
747,20.46
747,20.58
747,20.6
747,20.62
747,20.15
747,20.53
557,21.14
557,20.57
628,2.82
557,20.13
557,19.96
557,21.63
557,21.31
611,31.03
611,30.75
611,31.43
611,31.23
613,31.1
745,14.06
615,31.27
745,14.5
612,30.81
745,14.87
613,30.84
745,15.25
745,15.75
745,15.89
615,31.26
745,16.02
615,31.29
557,19.57
557,19.3
745,13.66
557,19.18
745,13.73
557,18.93
745,13.89
558,17.64
558,16.68
558,16.51
558,16.48
558,18.53
558,18.4
558,18.05
615,31.37
615,31.52
615,31.4
615,31.29
615,31.35
615,30.58
745,17.06
615,30.3
745,17.33
615,31.29
745,17.57
615,30.92
745,17.93
745,18.16
745,18.86
615,30.1
558,16.32
745,16.21
558,16.13
745,16.5
558,16.28
745,16.67
745,16.77
607,31.46
607,31.46
607,31.48
744,20.23
607,31.6
744,19.58
607,31.48
744,19.02
607,31.71
744,18.53
607,31.86
744,17.52
607,32.14
607,31.88
607,31.9
745,18.99
745,19.27
745,19.68
745,19.87
744,19.88
611,32.08
611,32.19
611,32.1
611,32.48
611,32.31
611,32.35
611,32.05
611,31.74
611,32.23
611,32
751,30.42
751,30.42
625,23.65
625,23.72
625,23.99
625,24.49
625,25.05
625,25.29
625,25.72
625,25.92
625,25.87
625,26.07
751,29.26
751,29.27
751,29.53
751,29.84
751,29.86
751,29.89
751,29.97
751,30.02
753,30.79
625,21.59
625,21.96
625,22.24
625,22.67
746,6.29
625,22.96
625,23.08
625,23.3
746,4.06
625,23.51
625,23.43
625,23.52
751,30.63
751,30.69
751,30.78
752,30.84
752,31.17
753,31.12
753,31.06
753,30.99
753,30.96
582,15.61
582,16
582,15.89
582,15.89
746,3.16
625,20.23
625,20.34
625,21.02
746,7.88
625,20.69
625,20.63
746,8.19
625,20.66
625,21.04
746,7.81
625,21.22
625,21.3
746,8.98
582,16.17
625,21.57
582,16.42
582,16.15
582,16.03
582,16.41
582,16.59
746,6.11
628,5.58
582,16.85
584,15.08
584,14.78
582,16.9
582,17.4
582,17.17
582,17.01
584,15.3
746,10.24
584,15.53
584,15.8
628,4.56
584,16.15
584,14.45
584,14.57
628,4.91
584,14.86
584,15.17
627,22.5
745,12.21
627,21.41
745,12.87
627,21.04
745,13.13
627,21.28
745,12.72
627,21.11
745,12.53
627,20.79
745,12.67
627,20.68
745,13.25
627,20.35
745,13.42
582,17.44
627,20.35
582,17.79
627,20.29
582,17.45
582,17.54
582,17.43
746,10.94
746,11.64
750,25.58
750,26.54
750,28.11
751,29.66
751,30.36
751,30.73
747,19.51
747,18.47
747,19
747,17.51
747,17.94
747,17.24
747,17.23
747,16.82
747,16.96
747,17.02
750,25.72
750,26.6
750,25.59
750,25.56
751,30.56
751,30.51
751,30.46
751,30.46
751,30.59
747,16.13
747,16.81
747,14.83
747,15.45
747,13.74
747,14.42
747,12.39
747,13.12
747,12.58
747,12.46
751,30.41
751,30.46
751,30.52
751,30.66
751,30.79
751,30.13
751,29.98
751,29.85
751,29.33
747,12.19
747,11.29
625,25.18
747,11.65
625,25.43
747,11.29
625,25.34
747,11.1
625,25
747,12.23
625,25.23
747,11.96
625,25.47
747,12.09
624,25.6
747,12.3
624,26.03
624,26.47
747,12.1
624,26.65
751,30.48
751,30.51
751,30.51
751,30.48
751,30.43
751,30.41
751,29.75
751,29.42
751,29.36
747,12.04
747,11.88
747,12.25
747,12.18
625,25.82
747,12.58
625,25.56
747,12.49
625,25.54
747,12.55
625,24.99
747,12.85
625,24.76
747,11.7
625,24.29
747,12.17
625,24.23
625,24.02
625,23.92
625,24.58
751,29.68
751,30.01
751,30.36
751,29.75
751,29.41
751,29.61
751,30.1
585,13.85
564,25.5
585,13.7
564,25.46
585,13.58
585,13.29
564,25.41
585,15.79
564,25.29
734,8.05
585,15.08
564,25.34
635,21.29
585,14.29
564,25.34
635,21.05
734,9.66
564,25.18
635,20.95
564,25.26
635,20.61
734,8.04
564,25.3
635,20.28
564,25.3
635,20.06
734,7.66
585,13.34
635,20.06
585,13.38
635,19.96
585,13.51
635,20.06
635,20.19
734,9.12
586,29.34
586,29.3
586,29.26
586,29.57
586,29.67
562,1.92
736,29.9
586,29.55
736,29.69
736,29.77
586,28.02
736,29.8
586,28.46
736,30.17
586,29.02
736,29.91
732,29.63
733,29.42
728,29.65
732,29.5
565,26.44
565,26.35
565,26.12
565,26.46
565,26.26
635,23.18
564,25.76
635,23.07
564,25.74
635,22.96
564,25.9
635,22.61
564,25.88
635,22.5
635,22.05
635,22.05
564,25.53
635,21.72
635,21.61
635,21.41
588,25.38
588,27.73
728,29.73
660,10.45
588,27.16
588,26.76
728,29.66
588,26.16
728,30.15
586,29.06
728,30.31
587,28.56
728,29.76
660,8.49
728,30.73
587,28.09
728,29.97
660,9.7
728,30.73
728,31.06
660,6.31
728,30.97
660,7.45
564,25.1
564,24.95
564,25.19
564,25.23
660,9.34
564,24.72
635,22.72
563,24.65
635,22.51
564,24.87
635,22.17
564,24.88
635,21.74
635,21.75
635,21.64
575,19.16
563,24.83
635,21.65
575,18.34
563,24.86
635,21.66
635,21.6
635,21.74
576,12.35
576,11.25
576,10.66
576,12.05
575,17.44
728,31.2
657,10.86
575,17.18
728,30.95
575,15.17
727,30.78
576,14.33
727,30.75
727,31.51
658,10.55
727,30.54
657,11.19
727,30.76
657,11.21
727,31.08
657,10.95
727,30.61
727,30.96
660,8.11
658,9.6
564,25.3
564,25.28
657,10.44
564,25.24
657,10.62
564,25.35
564,25.34
635,20.33
564,25.27
635,20.7
564,25.26
635,21.21
564,25.26
635,21.43
576,1.71
635,21.77
564,25.34
635,21.59
564,25.34
635,21.93
635,22.05
635,22.38
635,22.5
576,18.24
585,26.43
585,26.69
586,27.01
557,10.73
586,27.53
584,27.11
557,8.96
584,26.97
584,26.52
557,7.16
557,6.42
657,11.84
657,12.22
657,12.79
584,27.04
657,12.23
657,10.75
557,4.38
657,10.86
657,10.91
657,11.47
583,17.01
583,17
584,16.56
584,16.64
584,16.96
583,16.57
583,16.74
583,16.56
583,16.42
584,17.23
736,9.96
584,17.09
584,17.09
584,17.23
736,9.98
584,17.58
736,9.53
584,17.45
736,10.43
584,17.44
736,10.24
736,8.45
588,25.77
588,25.62
583,16.67
588,26.04
583,16.92
588,25.83
583,16.83
588,25.78
588,25.54
588,25.95
583,16.42
584,17.21
738,31.48
583,15.79
584,17.1
738,31.45
584,17.06
583,16.63
584,17.18
738,31.28
583,14.64
583,14.19
583,15.24
583,14.83
585,18.38
736,9.12
585,18.55
736,8.28
584,17.54
735,9.67
584,17.9
585,18.02
735,9.39
585,18.25
735,9.31
583,14.33
740,30.32
583,14.03
739,30.41
583,14.2
740,30.5
738,31.15
739,30.88
738,31.52
738,31.15
583,14.29
585,18.31
738,28.74
583,14.43
585,18.21
738,28.92
583,14.27
585,17.97
583,14.23
585,17.76
583,14.43
565,27.24
583,14.17
565,27.12
735,8.88
583,14.45
565,26.84
583,14.43
585,18.48
565,26.92
585,17.44
565,26.95
635,24.62
565,26.81
635,24.39
735,9.23
565,27.04
635,24.51
565,27.1
635,24.29
735,9.23
585,17.41
635,24.07
585,17.37
635,23.85
735,6.83
585,17.43
565,26.61
635,23.85
585,17.42
565,26.59
635,23.95
735,8.44
588,24.09
635,23.84
635,23.72
588,23.91
588,23.76
588,23.85
588,23.89
588,24.86
738,31.02
588,24.46
738,31.16
583,13.86
588,24.3
738,30.43
583,13.8
588,23.99
738,30.87
738,29.89
738,30.31
738,29.4
588,25.18
738,29.51
583,14.67
585,16.72
584,15.01
585,16.64
736,29.43
583,14.24
585,16.53
583,14.39
585,16.43
584,15.55
734,6.38
584,15.62
584,15.27
585,17.2
584,15.53
585,17.03
734,8.45
734,7.22
585,16.39
734,9.85
583,14.1
585,16.47
585,16.47
734,9.5
585,16.3
588,24.84
588,24.99
588,25.22
737,28.53
588,25.49
588,24.33
736,28.61
588,24.38
737,28.56
584,15.39
736,29.16
588,24.39
736,28.86
736,29.27
736,29.06
588,24.17
736,29.54
588,24.07
736,28.98
563,25.35
563,25.51
563,25.1
563,25.19
635,21.82
563,25.63
635,21.97
563,25.23
635,21.75
563,25.67
635,21.87
563,25.67
635,21.89
635,22.36
635,22.75
563,25.07
635,22.88
635,23.3
635,23.52
563,24.94
590,21.65
590,21.7
590,21.85
590,21.87
590,21.72
590,21.86
590,21.6
568,30.72
568,30.64
568,30.32
568,28.98
568,30.37
568,29.97
568,30.21
568,29.85
568,30.55
568,30.62
590,21.51
590,21.3
590,21.21
591,22.63
591,22.34
591,22.18
591,21.82
591,21.72
591,21.68
568,27.9
568,28.26
568,29.93
568,30.45
568,28.59
568,29.64
568,27.08
568,28.08
568,28.63
568,28.86
591,21.55
591,21.51
591,21.65
591,21.57
549,21
549,20.44
549,20.11
591,23.6
549,19.73
591,23.7
549,19.31
591,23.66
549,18.83
591,23.56
549,18.61
591,23.77
549,18.01
567,24.62
549,17.73
567,24.37
567,25.06
567,24.78
567,25.39
567,24.79
567,24.77
567,24.82
567,24.46
567,24.72
591,23.57
580,6.56
591,23.57
591,23.53
579,6.2
591,23.37
591,22.86
580,6.84
549,17.21
580,6.58
549,16.55
549,16.44
549,16.09
549,15.49
579,4.83
549,15.32
549,14.96
549,15.2
550,15.23
550,14.81
568,28.33
568,27.55
568,28.81
568,28.36
567,25.59
567,25.48
567,26.04
567,25.78
568,27.35
567,26.09
580,0
589,24.39
589,24.43
589,24.86
589,25.34
589,25.77
589,26.13
589,26.06
589,26.1
589,23.83
589,24.09
580,6.16
580,6.52
580,4.13
580,2
589,20.89
589,21.36
589,21.77
589,22.24
589,22.72
589,23.06
589,23.44
589,23.74
569,27.43
589,20.52
568,27.64
568,27.47
568,27.39
568,26.6
568,27.64
568,27.35
568,27.39
568,27.19
589,23.64
568,27.79
590,20.94
590,20.87
590,20.72
590,20.59
590,20.44
589,20.26
589,20.29
589,20.22
589,20.14
589,20.25
737,7
737,8.07
737,7.04
736,9.67
736,9.16
652,11.63
549,10.46
652,11.52
549,11.34
652,11.92
549,12.3
549,12.25
549,11.75
549,11.8
549,11.32
549,13.45
549,17.59
652,14.42
652,14.2
652,13.94
652,13.21
652,14.57
652,15.66
652,14.73
549,20.72
652,13.85
549,21.7
652,14
549,22.21
652,13.45
549,22.59
652,12.84
549,23.31
549,23.41
549,23.19
549,22.68
567,25.56
549,22.38
567,25.54
549,21.95
567,25.33
567,25.49
567,25.1
567,25.18
567,26.15
567,26.28
567,25.77
567,26
649,13.14
649,13.56
652,12.23
652,12.12
652,12.31
549,21.33
650,12.48
647,14.5
647,14.67
647,14.82
549,15.82
647,14.56
549,15.9
549,16.03
549,15.57
549,14.97
647,14.41
549,13.81
549,12.71
549,11.62
549,11.53
549,11.4
647,13.87
647,14.41
647,14.27
647,14.23
647,14.62
549,11.14
549,10.69
549,9.99
549,9.68
549,9.75
549,9.97
549,9.57
572,18.16
572,20.09
572,45.14
572,22.29
572,23.45
572,22.66
572,22.03
572,23.56
572,22.44
571,24.11
571,23.04
571,23.18
571,23.05
572,23.38
571,22.91
571,22.42
571,23.13
571,23.39
571,22.89
712,19.32
625,0.96
710,20.05
712,19.54
712,19.47
712,19.36
712,19.42
710,19.77
710,19.98
712,19.66
712,19.79
708,19.57
708,19.31
708,18.25
708,17.94
708,18.92
708,18.53
708,18.02
708,17.81
708,17.7
708,18
594,25.2
594,25.39
594,25.95
594,24.72
594,24.82
594,24.92
594,25.06
594,24.64
576,10.39
587,6.6
560,24.96
745,30.95
560,25.41
745,31.36
576,12.72
587,7.69
560,25.75
745,31.52
576,11.64
560,25.85
745,31.46
587,10.59
559,24.09
587,11.28
559,24.29
587,9.11
560,24.52
560,24.85
745,30.81
595,25.19
745,30.67
595,25.09
595,25
559,23.35
575,28.49
559,23.66
595,23.39
745,31.44
595,23.83
745,31.08
595,24.34
745,30.83
595,24.9
745,30.89
574,28.23
603,30.7
720,18.71
595,22.61
574,28.27
603,30.56
720,19.27
595,23.09
573,28.25
603,31.02
720,17.63
595,23.24
573,28.23
603,30.98
720,18.17
575,28.42
603,30.62
778,30.17
575,28.5
603,30.84
778,30.28
575,28.11
603,30.42
778,30.2
720,19.72
575,28.32
603,30.56
778,30.31
576,14.69
778,30.61
576,14.24
778,30.79
720,14.59
587,11.62
603,30.83
778,30.43
603,31.13
778,30.18
576,13.66
573,28.12
720,16.33
576,13.25
720,16.94
576,13.71
778,30.95
720,14.97
576,13.71
778,30.84
720,15.59
576,15.03
560,26.86
745,29.95
576,15.26
587,6.08
560,26.75
745,29.54
576,13.54
560,26.98
745,29.36
576,14.33
587,6.78
745,29.15
560,26.41
587,6.94
560,26.64
576,15.03
560,26.64
745,30.47
587,6.3
560,26.86
745,30.05
594,24.21
594,24.39
560,26.18
560,26.18
560,26.19
594,23.8
745,28.98
594,23.89
605,31.37
745,28.69
594,23.92
746,28.63
594,24.11
746,28.47
595,24.75
575,29.49
607,31.4
778,31.17
716,19.28
594,23.41
575,29.42
607,31.17
716,19.03
594,23.11
575,28.94
605,31.29
718,19.56
594,23.66
575,29.18
605,31.24
717,19.44
575,30.38
607,31.27
783,31.5
575,30.17
607,31.28
778,31.5
575,29.95
607,31.11
778,31.28
575,29.9
607,31.17
778,31.06
795,31.5
720,20.05
795,31.5
720,20.37
607,31.23
789,31.5
587,7.76
786,31.62
576,12.43
575,28.96
720,19.85
576,12.77
575,28.44
718,19.66
576,11.18
720,20.19
576,11.87
795,31.62
720,20.2
558,18.1
558,18.65
558,19.02
625,0.97
558,19.77
594,19.52
558,16.39
558,16.51
558,16.92
558,17.26
594,17.8
594,18.54
573,28.62
594,19.06
573,28.75
594,18.96
573,28.75
594,16.35
594,16.63
594,17.19
594,17.7
573,28.19
795,32.07
716,18.09
573,28.2
795,31.62
573,28.13
716,18.48
594,16.13
716,18.17
573,28.62
795,31.73
573,28.52
795,31.95
573,28.39
795,31.84
573,28.37
795,31.84
795,31.3
716,18.65
795,31.52
716,18.69
795,31.63
795,31.73
716,18.87
559,20.43
716,18.55
559,21.22
716,18.41
716,18.74
716,18.5
559,23.15
559,23.21
559,23.35
559,23.22
559,22.48
559,22.9
559,22.92
559,23.02
594,21.3
594,21.77
595,22.1
573,28.32
595,22.05
573,27.77
559,22.1
594,20.93
594,20.83
594,20.84
594,20.83
573,28.61
816,31.5
573,28.62
811,31.28
594,20.41
573,28.59
811,31.44
712,18.88
594,20.5
573,28.75
712,19.1
573,28.23
827,31.84
573,28.32
827,31.85
573,28.3
827,31.73
573,28.36
827,31.62
714,17.45
827,31.85
713,17.82
827,31.73
716,17.68
576,0.38
827,31.73
714,17.5
559,23.35
712,18.69
712,18.86
712,18.08
712,18.43
587,6.62
587,7.03
742,27.22
587,3.74
742,27.1
742,27.1
742,27.19
743,27.4
587,7.91
742,27.28
742,27.12
587,8.46
742,27.27
742,27.1
571,21.73
571,21.97
571,21.7
571,21.62
571,22.77
743,27.62
571,22.71
571,22.34
571,22.75
571,21.71
587,13.49
587,12.76
587,13.77
743,27.72
587,13.73
743,27.72
587,12.25
587,10.36
743,29.42
743,29.91
743,30.4
743,30.5
587,13.57
743,27.88
587,13.62
743,28.34
587,13.25
743,28.7
587,13.49
743,28.96
587,11.82
587,12.06
743,30.85
587,10.94
743,30.87
587,11.21
743,31.16
587,12.97
587,12.4
587,12.79
744,31.67
744,31.79
744,31.55
587,12.05
743,31.28
587,11.37
744,31.5
744,31.54
587,11.97
744,31.75
576,30.67
576,30.55
576,30.39
740,29.74
576,30.4
740,29.38
576,30.24
576,30.21
755,30.54
750,30.27
747,30.21
745,29.83
576,30.68
755,30.93
576,30.74
755,30.89
576,30.69
755,30.56
755,30.88
587,13.78
744,31.1
587,13.52
744,30.88
587,13.18
744,30.85
587,13.61
744,30.81
587,12.84
587,12.91
587,13.17
587,12.92
744,30.62
744,30.65
587,12.14
744,30.94
587,12.58
744,30.9
744,31.11
744,30.82
578,29.24
577,29.37
577,29.62
576,29.83
755,30.72
755,31.02
578,29.3
755,31
578,29.31
755,30.63
755,30.55
755,30.57
755,30.5
576,30.04
576,30.07
755,30.29
576,29.94
755,30.28
576,30.12
755,30.38
552,14.76
552,14.33
551,4.64
552,16.5
551,2.27
552,16.21
552,16.06
569,27.69
569,27.66
569,27.55
569,27.65
569,27.64
569,27.35
569,27.51
569,27.59
569,27.33
569,27.4
552,16.28
552,17.01
552,16.1
552,12.9
551,0.56
552,14.11
553,13.34
553,13.37
553,12.97
552,13.19
569,27.02
569,26.93
569,27.23
569,27.06
569,27.85
569,27.98
569,27.63
569,27.38
569,27.98
569,27.9
553,14.26
553,13.62
553,13.4
550,14.37
550,14.29
550,14.51
551,14.14
550,14.31
551,14.19
551,14.02
551,13.34
551,13.88
551,12.62
552,4.84
552,4.55
551,11.43
551,11.98
551,10.51
551,11.04
552,8.01
551,9.55
551,7.82
551,6.13
552,15.02
552,13.52
552,12.01
551,4.95
588,25.14
588,25.44
588,24.76
588,24.68
588,24.22
588,24.54
588,23.42
588,23.73
569,26.81
588,25.4
569,27.34
569,27.25
569,27.6
569,27.59
569,27.08
569,27.07
569,27.16
569,27.07
588,23.38
569,27.59
588,24.7
588,24.5
588,25.06
588,24.82
588,25.26
588,25.16
588,25.52
588,25.36
569,26.12
569,25.95
569,26.29
569,26.21
569,25.51
569,24.99
569,25.86
569,25.77
588,25.7
588,25.56
569,26.56
569,26.38
588,25.02
553,15.73
553,15.21
588,24.78
553,15.05
588,24.82
553,14.51
588,24.18
553,16.67
588,24.45
588,23.77
553,16.53
588,23.86
569,25.86
569,25.78
569,25.86
569,26.12
569,25.83
569,26.53
569,25.71
569,25.65
569,25.69
569,25.72
588,24.09
588,23.97
588,24.25
553,15.76
554,14.46
554,14.74
589,26.22
554,14.67
589,26.27
554,14.56
589,26.82
554,12.62
589,26.56
589,26.62
554,13.65
589,26.76
569,27.51
569,27.51
554,14.84
569,26.56
569,26.82
569,26.12
569,26.3
569,27.6
569,27.6
569,27.16
569,27.42
588,25.81
589,26.32
588,25.27
588,25.57
554,11.64
628,9.6
628,14.01
628,14.63
628,14.29
628,14.31
741,7.21
628,12.11
628,13.5
742,6.01
628,10.52
628,11.26
741,9.57
741,8.1
741,10.4
628,8.63
628,12.67
633,7.85
628,12.12
632,9.42
628,13
634,0.47
741,10.52
628,11.45
741,10.41
628,12.48
628,10.9
741,9.81
628,11.11
628,11.23
741,10.45
628,12.07
741,10.55
628,11.64
741,7.27
741,8.33
632,9.98
632,10.47
632,10.69
757,32.65
628,10.89
757,32.51
628,11.41
757,32.68
628,11.2
757,32.75
628,10.89
740,6.05
628,11.44
740,7
628,10.87
628,12.76
628,11.6
628,11.49
740,4.66
628,11.39
740,1.68
757,31.38
757,31.07
757,31.93
757,31.65
757,32.51
757,32.31
750,30.73
750,30.83
750,30.63
739,5.38
740,3.92
739,6.42
757,32.58
757,32.3
757,32.51
754,31.93
757,32.13
752,31.31
753,31.55
647,14.02
643,13.07
642,12.53
642,11.49
642,10.74
647,13.94
647,13.94
645,13.33
644,13.07
550,13.19
642,9.3
550,14.04
550,12.53
550,12.75
550,11.73
550,12.13
550,12.23
632,11.53
550,11.69
632,12.19
550,14.17
632,10.85
550,13.47
632,10.97
632,10.69
632,10.7
632,10.35
642,2.62
642,7.6
642,5.51
629,13.15
629,12.59
629,14.61
629,13.72
629,14.43
629,14.79
629,13.75
629,13.93
630,13.33
631,12.64
630,12.94
629,11.31
628,8.17
628,8.25
628,9.22
629,10.54
629,12.17
629,11.8
690,16.07
690,16.58
690,16.37
625,0.43
573,21.01
573,20.72
573,20.38
573,20.16
574,21.11
574,21.33
574,21.28
574,21.39
574,21.03
574,21.18
683,15.81
685,16.17
686,16.48
687,16.55
683,15.15
683,15.35
683,15.69
585,11.39
585,11.15
585,11.52
585,11.48
574,20.94
586,12.12
586,12.03
735,7.72
735,7.92
625,0.95
574,21.28
586,11.87
574,21.08
585,11.79
736,6.83
574,21.01
586,11.96
574,20.94
586,12.12
736,7.12
574,22.71
574,22.46
574,21.94
574,21.35
736,5.58
574,22.62
586,12.08
586,12.2
586,11.68
586,11.88
736,4.89
586,12.36
586,10.78
736,4.9
586,11.35
737,6.14
586,11.56
586,11.03
736,5.92
586,11.15
581,29.99
581,30.08
581,30.19
581,30.03
581,30.06
581,28.8
581,29.88
581,29.65
581,29.47
581,29.11
586,11.55
586,11.55
586,11.07
726,30.19
586,11.51
738,7.73
586,11.39
586,11.15
738,16.95
738,15.82
738,12.25
738,10.54
738,19.95
586,10.38
738,19.47
738,19.25
586,7.67
738,18.09
726,30.02
726,29.9
726,29.8
726,30.1
726,29.92
726,29.95
726,29.68
726,29.69
704,15.63
704,16.03
704,16.34
704,17.28
704,17.75
704,17.86
704,16.78
704,16.94
704,16.83
704,17.08
625,1.91
625,0.28
697,15.77
697,15.94
697,14.7
697,14.58
697,14.56
697,14.65
697,16.2
697,15.56
697,14.81
697,14.33
697,16.47
693,16.09
573,16.11
697,16.61
697,16.64
697,16.59
697,16.19
693,15.92
694,15.6
697,15.98
697,16.51
690,15.55
690,16.02
573,14.75
573,15.46
573,16.02
573,15.44
573,15.01
573,14.68
573,14.64
573,19.8
573,18.74
573,16.61
690,15.29
690,15.37
690,15.33
690,15.39
690,16.26
690,15.91
690,15.55
690,15.29
561,26.08
561,25.67
561,25.1
625,30.58
561,25.24
628,30.44
561,27.43
624,30.58
561,27.43
625,30.58
561,27.33
623,30.29
561,26.64
623,30.43
623,30.14
623,30.15
623,30.34
623,30.2
594,24.71
594,25.45
594,27.35
740,29.95
594,28.75
740,29.83
594,25.72
594,26.37
594,29.03
740,29.67
594,30
740,29.42
594,28.54
740,29.95
594,29.42
740,29.88
740,29.37
740,29.24
740,29.2
740,29.32
561,24.56
561,23.56
561,24.09
561,24.1
561,24.32
628,29.15
561,24.32
561,25.29
628,30.04
561,24.88
628,29.8
561,24.71
628,30.32
561,24.2
628,30.23
628,30.37
628,30.46
578,29.3
628,30.49
578,29.1
561,24.45
628,30.39
597,30.73
597,30.82
628,30.53
597,30.66
578,29.65
597,30.59
578,29.53
597,30.83
578,29.64
597,30.67
578,29.44
597,30.75
578,29.11
597,31.24
578,29.19
578,29.45
597,30.72
578,29.59
597,30.84
561,24.32
589,16.21
589,16.46
589,15.64
589,15.82
589,16.48
589,16.69
589,16.12
589,16.31
589,17.11
589,17.47
561,27.19
623,30.4
561,27.3
561,27.19
623,30.59
561,27.65
623,30.4
623,30.6
561,26.86
623,30.68
561,26.97
623,30.42
561,27.08
623,30.45
619,30.23
620,30.36
619,29.91
589,17.82
591,18.87
704,17.82
592,19.93
704,17.58
589,17.79
704,17.35
590,18.03
704,17.03
594,22.6
594,23.48
594,20.85
594,21.81
708,17.54
708,17.45
594,24.19
561,27.76
705,17.31
561,28
706,17.25
561,27.55
706,17.17
708,17.39
586,5.84
562,28.26
562,28.06
586,6.68
562,27.36
738,19.06
562,27.32
738,18.71
586,7.41
562,27.56
632,25.34
738,18.79
562,27.97
632,25.8
562,28.86
632,25.46
740,19.88
562,28.75
632,25.39
739,19.49
562,28.6
632,26.63
739,19.32
562,28.24
632,26.01
738,19.04
632,25.38
632,25.56
740,21.7
632,25.05
740,20.33
632,25.23
740,19.84
572,29.68
579,25.82
572,11.72
579,26.1
572,20.97
579,26.99
726,30.2
579,29.43
726,30.2
579,26.81
579,25.64
730,29.79
732,29.79
728,30.06
729,30.04
579,27.99
732,29.2
579,28.53
732,29.14
572,21.39
579,29.29
732,29.51
572,22.23
732,29.31
740,23.39
740,23.26
740,22.81
740,21.94
740,24.59
740,24.59
740,24.02
740,23.54
740,25.31
740,25.17
581,29.51
583,13.79
581,30.12
583,14.47
581,31.01
580,31.92
583,12.5
583,15.32
732,28.97
585,15.52
732,29.04
581,28.77
583,15.26
581,28.91
583,15.54
732,29.15
589,15.85
732,28.98
732,29.01
586,15.46
732,28.97
586,15.72
732,28.97
580,32.12
732,28.91
579,31.75
732,28.79
732,28.67
587,0.48
562,25.39
742,25.71
562,25.77
562,26.06
562,26.44
561,24.42
629,27.1
742,26.4
561,24.72
629,26.9
742,26.38
562,24.75
629,27.7
742,26.25
562,25.01
629,27.42
742,25.82
628,27.88
742,26.98
629,27.84
742,26.96
561,24.45
628,28.17
742,26.85
579,30.41
561,24.56
628,27.93
742,26.71
628,28.82
628,28.3
742,27.12
579,29.85
579,29.85
578,29.67
578,29.53
579,30.16
735,28.26
579,30.01
737,28.01
579,29.85
734,28.29
579,29.76
734,28.18
737,28.95
737,27.7
737,27.81
737,27.97
578,29.36
737,27.62
737,27.54
562,29.45
562,29.7
562,29.5
562,27.94
629,24.91
562,28.08
562,28.27
629,24.87
562,28.99
629,24.87
629,25.29
562,26.63
629,25
562,26.97
629,25.79
562,27.47
629,25.42
629,26.44
629,26.12
629,26.81
579,31.17
579,31.13
737,27.35
579,31.3
579,31.41
579,29.61
737,28.22
579,30.24
737,28.13
579,30.52
737,27.82
579,30.84
737,28.46
738,29.13
738,29.59
737,28.66
738,28.77
579,31.2
579,31
740,29.93
619,30.06
619,30.01
619,30.06
619,29.91
619,29.87
619,30.43
619,30.4
619,30.28
619,30.62
619,30.43
619,30.15
619,30.28
619,30.61
619,30.13
619,30.17
619,30.28
619,30.18
619,30.18
619,30.16
619,30.13
620,32.46
620,32.01
620,32.72
620,31.15
739,12.62
619,31.56
739,12.57
620,31.8
740,12.67
620,31.55
739,12.7
619,30.58
739,12.76
619,30.79
739,12.52
619,31.22
739,12.82
740,12.6
740,12.51
740,12.53
591,20.26
592,20.2
592,20.26
592,20.41
592,20.76
592,21.11
592,21.72
592,22.13
739,15.71
739,16.16
739,14.8
739,15.26
591,20.59
739,16.62
591,20.59
739,17
739,13.81
739,14.22
739,13.13
739,13.35
749,22.83
749,22.62
749,22.1
749,21.69
749,22.51
749,22.32
749,21.42
749,21.54
749,21.76
749,22.08
749,23.16
749,23.24
750,23.3
750,23.08
749,22.47
749,23.07
619,29.72
619,29.61
619,29.82
619,29.58
619,29.89
750,22.47
620,29.89
750,22
619,29.66
750,21.77
619,29.79
750,21.17
620,29.93
622,29.87
750,19.26
750,18.94
750,18.54
750,18.3
750,20.43
750,20.09
750,19.72
619,30.13
619,30.26
619,30.3
619,30.06
750,17.86
619,30.06
750,17.47
619,30.13
750,17.13
619,30.16
619,29.82
619,30.2
619,29.99
750,15.51
750,15.54
750,15.53
750,15.58
750,16.85
750,16.37
750,15.96
750,15.78
619,30.58
619,30.71
619,30.47
750,15.74
619,30.34
750,15.58
619,30.55
619,30.34
619,30.53
619,30.45
619,30.44
619,30.53
567,25.49
567,25.56
566,25.58
567,25.65
592,25.51
565,25.68
592,25.77
566,25.65
592,26.18
565,25.56
565,25.64
565,25.44
565,25.56
592,24.19
592,24.3
592,24.27
592,24.36
549,24.35
592,24.62
549,24.4
592,24.75
549,24.21
592,25.02
549,24.28
549,24.34
549,23.88
549,23.93
549,23.99
549,24.32
549,24.46
567,25.92
567,25.88
567,25.78
567,25.71
567,25.76
567,25.61
567,25.74
567,25.68
567,25.64
567,25.6
549,24.8
549,24.69
549,24.24
549,24.1
549,24.23
549,24.13
549,24.16
549,24.48
549,24.5
549,24.84
565,26.7
565,26.37
565,26.82
565,26.85
565,26.86
565,26.98
565,26.71
565,26.8
565,26.66
565,26.62
549,26.81
549,26.86
549,26.56
549,26.39
549,26.22
549,26.1
549,26.19
549,26.47
549,26.35
549,26.55
565,25.56
565,25.58
565,25.57
565,25.57
565,25.41
565,25.76
565,25.73
565,25.96
565,25.88
565,26.24
549,26.69
549,26.8
549,26.55
549,26.09
549,25.73
549,25.47
549,25.3
549,25.08
549,24.77
549,24.54
592,23.64
592,23.83
592,24.24
592,24.31
592,24.52
592,24.44
592,24.11
592,22.6
592,22.8
592,23.3
592,23.45
592,23.44
592,23.49
592,23.68
592,23.81
592,23.81
592,24.03
592,23.88
592,23.62
592,23.56
577,0.06
567,26.99
567,27.1
592,24.6
567,27.23
592,24.58
567,27.06
592,24.69
567,27.15
592,24.62
567,27.19
592,24.51
567,26.76
567,26.98
567,26.17
567,26.42
567,26.97
592,23.95
592,24.02
592,24.31
592,24.4
592,24.43
567,25.87
592,24.21
567,26.23
592,24.22
567,26.06
592,24.05
567,26.42
592,24.23
567,26.19
567,26.7
567,26.37
567,26.89
567,26.59
592,24.51
592,24.55
592,24.55
592,24.46
592,24.28
592,24.11
549,24.98
549,25.28
549,25.59
549,25.73
549,25.87
549,25.82
549,25.57
549,25.78
549,25.93
549,26.04
549,26.29
549,26.25
549,26.53
549,26.5
549,26.62
549,26.78
549,27.14
549,27.19
549,27.1
549,27.09
588,22.1
588,22.09
749,23.89
588,22.58
749,23.42
588,22.35
749,23.45
588,22.34
588,22.65
588,22.07
749,23.22
749,23.64
749,23.87
588,22.08
749,22.91
749,22.76
588,22.05
749,22.89
588,21.98
749,23.08
571,5.83
571,7.71
588,22.23
749,23.91
588,22.55
749,23.77
588,22.24
749,23.55
588,22.42
749,23.21
588,22.04
588,22.21
588,22.24
588,22.27
749,22.22
749,22.35
749,22.99
749,23.09
588,22.93
749,22.72
588,23.09
749,22.33
593,16.88
593,16.01
593,15.97
593,19.08
593,18.22
593,17.79
738,18.28
738,18.68
738,17.88
738,17.79
593,15.96
593,16.65
738,18.86
738,17.45
738,17.68
738,17.87
738,17.52
738,17.65
593,21.96
593,21.53
593,21.26
593,20.88
593,22.03
593,22.16
737,20.37
736,20.72
737,19.38
737,19.93
593,20.55
593,20.08
593,19.67
593,19.57
738,18.6
738,18.58
738,18.87
738,19.21
738,18.56
738,18.52
592,17.05
592,19.67
591,19.72
591,20.25
591,20.39
592,18.01
592,18.58
592,19.12
592,19.47
736,22.23
736,21.99
736,22.06
591,20.5
736,21.13
736,21.3
736,20.88
736,21.67
736,21.82
736,21.19
736,21.37
592,18.22
592,18.5
592,17.84
592,17.38
592,17.88
592,18.25
592,18.02
625,0.05
734,19.04
734,19.17
592,17.1
592,17.05
736,21.89
735,21.21
736,22.32
736,22.33
734,19.64
734,19.21
735,20.6
734,20.3
591,23.92
591,18.2
591,23.79
591,22.7
591,23.77
591,20.55
591,23.81
591,23.66
591,23.6
591,23.52
591,23.57
591,5.7
591,18.27
591,27.82
591,23.32
591,23.92
591,23.55
591,25.1
591,25.23
591,20.33
591,25.07
591,19.92
591,25.16
591,25.07
591,25.01
591,24.83
591,24.5
591,18.18
591,18.91
591,24.81
591,15.74
591,20.11
591,19.47
591,19.27
591,18.55
591,24.23
591,24.06
591,26.38
591,26.49
591,26.18
591,26.28
591,26.18
591,26.05
591,25.77
567,27.18
568,29.93
567,27.05
568,30.04
568,30.04
567,27.16
568,29.93
568,29.81
568,29.57
568,29.38
568,29.33
567,26.8
567,26.89
567,27
567,27.04
567,27.08
567,27.05
567,27.08
591,25.61
591,25.51
591,25.35
591,24.66
591,24.96
591,25.16
591,25.26
591,25.37
591,25.59
567,26.46
567,26.56
567,27.04
567,27.11
567,27.04
567,27.07
567,26.82
567,27.04
567,26.74
567,26.79
591,25.86
591,26.12
591,26.14
591,26.38
748,25.73
748,25.65
748,25.62
748,25.38
748,25.27
748,25.5
748,25.64
646,31.44
646,31.24
646,31.37
646,31.04
748,25.04
646,30.92
748,24.67
646,31.3
748,24.13
646,31.17
646,30.99
901,31.97
901,32.58
646,30.9
646,31.03
901,30.06
901,30.06
901,30.5
901,32.43
901,30.17
901,30.17
901,29.95
901,30.06
623,30.48
623,30.45
623,30.88
623,31.3
623,30.55
623,30.78
623,31.61
924,30.09
623,31.57
918,30.2
623,31.48
918,30.28
623,31.64
936,30.84
936,30.61
936,30.4
936,30.2
936,32.39
936,32.06
936,31.5
622,30.11
622,30.11
622,30.28
622,30.07
622,30.13
623,30.28
936,33.52
623,30.28
936,33.4
622,30.08
936,33.06
623,30.39
936,32.84
915,32.74
922,33.07
623,30.16
936,33.4
936,33.62
894,32.51
915,32.51
622,30.3
622,30.3
622,30.08
622,30.26
622,30.43
622,30.24
622,30.17
622,30.24
622,30.14
622,30.08
549,25.98
549,26.03
549,26.11
549,26.18
549,26.02
549,26.08
549,25.75
549,25.69
549,25.38
549,25.46
549,25.54
567,25.58
549,25.54
567,25.76
549,25.5
567,25.81
549,25.41
567,25.71
549,25.08
567,25.52
549,24.98
567,25.16
549,24.8
567,25.16
549,24.37
567,25.25
549,24.23
567,25.34
549,24.04
567,25.51
549,27.14
549,27.21
549,27.46
549,27.46
549,27.15
549,27.01
549,26.92
549,26.63
549,26.34
549,26.13
549,17.23
549,16.62
549,16.19
591,22.36
549,15.87
591,22.55
549,15.36
591,22.8
549,14.85
591,22.98
568,28.03
549,14.74
591,23.12
568,27.74
549,15.04
567,24.98
568,27.4
549,15.39
567,25.01
568,26.93
567,25.45
568,26.66
567,25.27
568,26.33
568,26.16
567,25.46
568,25.97
568,25.65
568,25.36
568,28.1
567,25.63
567,25.17
567,25.39
567,24.96
567,25.12
591,23.14
591,23.3
591,23.57
591,24.02
591,24.19
591,20.87
591,20.94
591,21.14
591,21.21
568,28.94
567,26.49
568,28.75
567,26.29
568,28.51
567,26.45
568,28.37
567,26.44
568,28.3
568,28.18
568,28.18
568,28.15
568,28.18
568,29.23
568,29.08
567,26.02
567,25.88
567,26.41
567,26.14
567,26.42
567,26.19
591,21.48
591,21.55
591,21.83
591,21.83
591,22.04
591,22.21
549,24.32
549,24.56
549,24.66
567,25.39
549,24.75
567,25.39
549,25.03
567,25.18
549,25.02
567,25.21
549,24.88
567,29.68
567,25.03
549,24.65
567,29.64
567,24.88
549,24.74
567,29.49
567,24.95
549,24.74
567,29.5
567,25.04
567,29.06
567,25.04
567,29.18
567,25.12
567,28.92
568,29.74
567,29.63
568,29.73
549,24.7
549,24.43
549,23.91
549,23.15
549,22.6
567,25.12
549,21.72
567,25.03
549,20.92
567,25.03
549,20.28
567,26.78
567,25.05
549,19.84
567,27.21
567,25.24
549,19.12
567,26.28
567,25.27
567,26.52
567,25.44
567,25.8
567,25.41
567,26.04
567,25.51
567,25.41
567,28.24
567,28.6
567,27.55
567,27.94
549,18.05
576,6.57
576,5.82
576,7.03
625,1.79
625,0.25
576,3.67
576,9.89
576,10.68
576,10.05
576,10.39
576,10.94
576,11.21
576,10.89
576,11.17
576,11.41
576,10.07
576,9.33
576,10.17
576,6.81
576,8.26
576,6.87
587,17.54
587,17.93
746,27.94
587,17.56
746,27.69
587,17.65
746,27.59
587,16.86
587,17.29
587,16.31
746,26.64
746,26.47
746,26.12
587,18.15
746,27.43
746,27.17
587,17.67
746,27.07
587,18.19
746,26.91
573,26.85
728,24.15
573,26.91
573,26.76
728,24.22
573,26.69
728,24.23
573,27.59
573,26.93
573,27.02
728,23.18
728,23.79
575,0.69
728,22.84
573,26.09
728,23.88
573,26.61
728,24.05
728,23.96
573,25.06
728,23.96
587,19.44
746,26.12
587,19.9
746,25.79
575,4.27
587,19.37
746,25.43
587,19.19
746,25.09
587,19.27
587,19.46
587,18.59
587,18.84
746,24.57
746,24.49
746,25.08
746,24.92
587,20.27
746,24.75
587,20.41
746,24.57
725,22.06
725,21.97
827,31.51
827,31.51
827,31.73
575,9.07
838,31.17
728,23.56
827,31.18
727,23.46
827,31.28
728,24.04
827,31.4
728,24.05
575,5.44
725,22.27
860,30.97
725,22.1
575,6.62
843,30.86
726,22.92
843,31.18
726,22.53
587,20.49
556,21.65
747,24.31
587,20.56
556,21.7
747,24.24
587,20.85
556,21.94
747,24.5
587,20.79
556,21.99
747,24.68
587,21.19
557,21.72
587,21.15
557,21.57
894,30.22
725,21.71
587,20.79
557,21.52
587,21.13
557,21.47
747,24.22
894,30.63
747,24.34
894,30.85
572,24.79
894,30.25
894,30.46
556,21.95
894,31.4
747,24.86
556,22.04
894,31.84
747,24.74
587,20.22
894,30.86
747,24.22
894,31.32
747,24.56
571,25.23
571,25.07
570,25.47
894,32.51
725,14.32
570,25.54
572,24.54
860,31.3
572,24.49
860,31.09
572,24.69
860,31.09
572,24.5
860,31.07
860,31.84
725,17.12
587,20.69
860,31.51
725,15.88
860,31.52
725,20.83
860,31.41
725,19.38
725,14.65
570,25.47
725,14.4
860,31.63
725,15.19
860,31.62
725,14.92
588,21.41
747,24.35
588,21.69
747,24.4
576,9.25
587,20.75
747,24.18
588,21.17
747,23.93
587,20.32
587,20.66
587,20.14
747,24.2
587,20.3
747,24.35
646,30.53
646,30.36
646,30.97
646,30.68
770,29.85
748,23.78
811,29.93
748,23.86
646,30.31
748,24.2
728,30.02
748,24.9
572,25.56
860,31.29
572,25.65
572,25.21
894,29.96
572,25.4
894,29.96
572,24.96
887,30.17
572,25.07
880,30.4
572,25.58
873,30.76
572,25.32
860,31.09
587,20.12
901,30.97
587,20.2
901,30.06
901,29.85
901,29.95
576,7.02
572,24.98
572,25.07
576,5.3
901,32.07
571,13.21
734,20.44
571,19.79
734,20.44
571,12.07
734,19.83
571,19.42
734,20.25
571,21.89
734,20.1
734,20.02
571,23.95
571,24.27
734,19.04
571,24.87
734,19.29
571,25.3
734,19.25
571,22.12
734,19.25
571,21.2
731,19.42
571,21.56
731,19.68
571,21.6
731,18.73
571,22.14
731,19.15
571,22.74
571,23.87
731,19.65
731,19.67
570,21.28
731,18.7
570,21.33
731,18.65
570,21.23
731,19.23
571,21.16
731,18.87
587,12.27
587,13.04
587,9.29
746,28.29
625,0.3
587,11.24
746,28.32
587,7.34
746,28.2
746,28.2
746,28.37
746,28.21
587,15.69
746,28.16
587,15.87
746,28.22
587,13.97
746,28.3
587,15.14
746,28.29
729,22.06
729,22.58
570,21.61
731,21.11
570,20.89
730,21.63
570,21.23
570,21.17
570,20.88
731,19.67
731,20.19
731,20.78
731,20.86
731,20.44
731,20.51
742,10.63
742,11.05
742,10.02
742,10.26
742,10.16
742,10.26
742,11.04
742,10.81
742,11.09
742,11.21
750,30.04
750,30.3
750,30.68
742,12.31
742,11.59
742,13.9
742,13.2
750,29.38
750,29.83
742,10.26
750,29.98
742,10.35
750,30.06
742,10.22
750,30.22
742,10.31
750,29.82
742,10.92
750,29.91
742,10.35
750,28.77
750,28.57
750,28.67
750,29.11
748,30.24
749,30.41
749,30.04
749,29.61
750,29.23
750,28.72
748,28.97
748,29.15
748,29.47
748,30.02
748,30.21
622,29.67
622,29.35
622,29.65
622,29.79
622,30.12
622,29.95
622,30.6
622,30.26
622,30.88
622,30.81
748,27.23
748,27.81
748,27.93
748,28.33
748,28.51
744,14.03
744,15.16
744,10.98
744,12.57
744,8.99
744,7.08
744,16.33
743,6.63
743,6.39
743,6.26
743,5.66
743,6.37
597,31.79
597,31.68
597,31.48
597,31.63
601,30.79
743,3.93
603,30.75
599,31.2
600,30.79
742,4.16
603,30.83
603,31
743,4.25
742,5.3
742,7.31
742,9.22
742,4.21
742,4.3
580,0.13
624,26.85
624,27.15
624,27.05
624,27.44
624,27.3
624,27.38
624,27.43
624,27.4
624,27.35
580,4.34
624,27.24
580,1.64
580,5.16
580,8.66
580,10.71
580,12.88
580,12.34
581,13.53
580,12.88
581,13.44
581,13.12
591,28.82
591,28.83
591,28.8
581,14.05
590,28.91
581,13.4
590,28.9
581,14.96
591,28.85
581,14.4
590,28.88
590,28.58
590,28.75
590,28.65
581,14.46
581,14.9
581,14.37
581,15.47
581,15.17
581,15.64
581,15.61
591,28.21
591,28.31
581,14.94
591,28.47
581,15.59
591,28.74
591,28.31
582,14.66
591,28.37
591,28.51
591,28.79
591,28.66
591,28.63
750,26
749,26.42
749,26.51
748,26.59
748,27.02
748,27.24
623,26.81
623,27.6
623,27.24
623,27.76
623,27.69
622,28.01
623,27.86
622,28.55
622,28.3
622,28.73
750,25.15
750,25.15
750,25.14
750,25.27
750,25.2
750,25.11
750,25.33
750,25.19
750,25.32
750,25.31
750,25.27
623,24.44
623,23.9
623,25.54
623,24.91
623,26
623,26
623,26.48
623,26.11
623,26.21
623,26.73
750,25.25
750,25.06
750,25
750,25.54
750,25.45
750,25.69
750,25.86
750,25.75
750,25.9
750,25.53
750,25.34
624,22.89
624,22.36
624,22.57
624,21.76
624,22.14
624,21.69
624,21.55
624,23.11
624,22.34
624,23.32
750,25.48
750,25.42
624,26.94
624,27.24
624,26.9
624,26.97
624,26.6
624,26.96
624,25.45
624,26.04
624,23.49
624,24.48
565,26.6
565,26.58
565,26.72
565,26.59
565,26.82
634,26.73
565,26.81
634,26.95
565,26.79
634,26.84
565,26.77
634,26.73
565,26.74
634,26.63
565,26.77
634,26.52
634,26.29
634,25.95
634,25.51
634,25.06
555,8.88
555,6.47
555,6.08
555,7.54
555,10.47
555,12.75
565,25.59
565,25.7
565,25.53
565,25.78
565,25.68
634,23.85
565,26.12
634,23.96
565,25.95
634,24.39
565,26.29
634,24.43
565,26.29
634,24.77
634,25.23
565,26.42
634,25.64
634,26.3
634,26.51
634,26.51
555,13.43
555,13.9
555,14.41
555,14.7
555,15.09
555,15.16
556,14.86
556,14.41
557,13.01
550,5.54
550,6.82
551,8.81
551,10.07
552,10.43
552,10.28
552,8.8
552,7.05
552,5.78
552,6.39
552,7.98
552,10.14
582,13.5
750,29.13
582,13.95
750,29.4
582,13.59
582,13.5
582,14.66
565,29.49
582,13.82
565,29.4
582,15.78
565,29.64
582,15.55
565,29.64
565,29.49
632,22.36
739,6.44
565,29.61
632,22.53
565,29.02
632,22.74
739,6.13
565,29.15
632,23.02
565,28.85
633,22.83
739,7.88
565,28.83
633,22.56
633,22.24
739,6.63
633,21.92
633,22
633,21.92
739,8.55
589,28.06
550,20.3
589,28.04
550,19.22
589,28.13
550,18.07
589,28.1
550,17.01
582,15.97
589,27.84
550,16.68
750,30.36
582,15.92
589,28.02
550,16.31
750,30.5
589,27.96
550,16.18
750,30.15
589,27.92
550,15.94
750,30.16
550,15.77
750,30.01
550,15.15
750,30.25
589,27.84
750,29.84
750,30.05
745,28.95
565,27.94
738,8.88
565,28.21
565,28.13
565,28.47
565,28.34
632,20.51
737,9.79
565,28.7
632,21.09
565,28.68
632,20.76
737,9.33
565,29.02
632,22.44
565,28.93
632,23.28
737,8.37
632,22.45
565,29.27
632,21.2
737,9.85
632,22.53
632,22.57
632,22.33
550,14.79
590,28.59
550,13.72
590,28.73
550,11.84
590,28.62
747,28.92
590,28.65
550,8.58
590,28.4
746,28.45
590,28.27
550,5.42
747,28.69
590,28.69
745,28.04
590,28.58
550,5.2
745,28.14
745,28.24
745,28.21
590,28.17
745,28.49
590,28.08
745,28.41
565,26.44
565,26.66
565,25.99
565,26.12
565,25.84
634,21.57
565,25.92
634,21.51
565,25.7
634,22.86
565,25.71
634,23.96
565,25.66
634,24.32
565,25.7
634,23.26
634,24.77
634,24.05
588,26.35
588,26.18
588,26.55
588,25.41
588,25.33
588,25.8
745,28.52
588,25.63
745,28.59
588,25.71
745,28.73
745,28.65
588,25.48
745,28.34
588,25.64
745,28.57
742,28.92
743,28.54
740,29.16
742,29.19
565,28.7
565,28.52
565,28.58
565,27.87
565,28.15
633,21.81
565,27.47
633,21.95
565,27.55
633,22.33
565,27.04
633,22.6
565,27.32
633,22.58
633,22.34
565,26.85
633,22.28
633,22.01
633,21.85
589,28.02
633,21.67
589,27.87
589,27.75
740,28.76
589,27.59
589,27.98
740,29.09
589,27.85
740,28.75
589,26.96
740,29.09
589,26.82
740,28.92
589,27.35
740,29.52
589,27.27
740,29.12
740,29.91
740,29.75
740,30.06
751,31.56
751,28.33
751,31.47
751,28.18
751,31.37
751,29.09
751,31.22
751,28.9
751,26.43
751,28.03
751,27.13
620,32.65
620,33.79
620,33.35
620,33.47
751,30.17
620,33.5
751,29.86
620,33.74
620,33.75
751,30.51
620,33.39
742,17.74
620,33.58
742,17.47
741,18.06
620,33.09
742,17.91
741,18.21
741,18.13
741,17.88
752,31.8
751,32.62
751,31.97
742,17.76
751,31.77
751,31.53
742,17.42
751,31.67
742,17.56
752,32.26
751,31.13
752,32.44
751,31.37
752,32.44
751,31.18
752,32.1
751,31.08
752,32
751,32
751,30.97
751,31.78
751,31.41
620,31.9
620,32.43
620,31.48
751,31.32
620,31.57
751,31.4
620,31.47
620,31.51
620,31.84
741,16.14
620,31.73
741,16.52
620,32.84
741,15.5
620,33.58
741,15.82
741,15.23
741,15.28
751,31.28
752,32.71
752,32.66
741,17.45
752,32.64
741,17.66
752,32.45
741,16.95
752,32.11
741,17.21
750,31.18
751,30.31
750,31.13
751,30.47
751,31.29
751,29.84
751,31.82
751,29.9
752,32.1
751,30.95
752,32.51
751,31.12
751,30.53
751,30.5
620,34.06
620,34.05
620,34.11
751,29.9
620,34.09
620,34.1
620,34.2
740,14.78
620,34.04
740,15.21
620,33.36
740,14.51
620,33.95
740,14.74
620,32.89
740,14.55
741,15.31
750,32.26
740,15.45
750,31.89
741,15.31
750,31.57
740,15.53
750,31.07
740,15.62
750,31.58
750,32.38
750,32.89
750,33.16
750,33.33
750,32.98
750,32.64
620,33.89
620,33.72
620,34.13
620,33.92
620,34.64
740,14.82
620,34.36
740,14.89
620,34.45
740,14.73
620,34.51
740,14.77
620,34
620,34.25
740,14.44
740,14.42
740,14.63
750,30.41
740,14.37
750,30.74
740,14.76
750,31.21
740,14.8
750,16.07
750,16.13
750,15.33
750,15.71
751,17.82
750,16.4
750,14.64
750,14.95
750,15.27
750,14.87
751,29.31
751,19.45
751,29.5
751,18.29
751,21.82
751,20.82
751,18.15
751,22.89
751,22.75
751,22.46
751,22.93
751,22.95
751,27.27
751,27.47
751,27.89
751,28.08
751,28.46
751,28.7
751,28.99
751,29.18
751,27.3
751,23.85
751,26.99
751,23.29
751,26.98
751,24.5
751,23.94
751,23
751,22.84
751,25.39
751,25.03
751,26.3
751,25.69
742,16.2
742,15.67
742,17.35
742,16.76
742,18.04
742,17.84
742,17.92
742,17.98
751,31.18
751,31.13
751,30.02
751,28.62
751,27.87
751,27.34
742,15.37
751,27.29
742,14.7
565,26.56
565,26.72
593,21.55
565,26.85
593,21.64
565,26.72
593,21.74
565,27.01
593,21.86
565,27.02
593,21.74
565,27.07
565,27.16
565,26.87
565,26.93
592,22.04
592,21.84
593,24.09
592,21.75
593,24.05
593,21.58
593,21.54
593,23.92
593,24.07
592,24.05
593,24.05
593,24
592,24.69
592,24.05
592,24.35
593,24.1
593,22.5
593,22.6
593,22.6
593,22.56
593,21.68
593,21.83
593,22.05
593,24.09
593,22.39
593,24.14
549,27.15
593,22.51
549,27.27
593,22.46
549,27.68
593,23.9
549,27.82
593,23.9
549,27.67
593,24.18
549,27.6
593,24.08
549,27.46
593,23.76
549,27.47
593,23.92
549,27.13
593,23.69
549,26.85
593,23.74
565,26.92
565,26.85
565,26.98
565,26.94
593,24.03
565,27.38
593,24.17
565,27.26
593,24.41
565,27.14
565,27.41
565,27.03
565,27
593,22.49
592,25.9
593,22.42
593,22.56
593,22.89
592,26.29
593,23.35
592,26.62
593,23.69
592,25.97
593,23.79
592,26.12
592,27.31
592,27.54
592,26.89
592,27.06
592,28.2
565,26.9
565,26.7
565,26.91
593,24.99
565,26.83
593,24.96
565,26.74
565,26.77
565,26.79
565,26.79
565,26.87
565,26.8
593,24.64
593,24.89
593,24.81
593,24.82
593,24.82
592,25.39
593,25.01
592,25.44
593,25.03
592,25.16
593,25.22
592,25.29
592,24.96
592,25
592,25.28
592,25.06
592,25.34
592,25.65
620,32.21
620,32.16
620,32.22
620,32.4
620,32.32
620,32.9
620,32.67
620,33.36
620,32.99
620,33.56
622,30.91
622,30.84
621,30.82
621,30.85
620,31.33
620,31.22
620,31.96
620,31.64
620,32.25
620,32.24
592,26.81
592,26.61
592,26.42
592,26.31
592,26.35
592,26.14
592,25.82
592,26.34
593,24.72
592,26.45
592,26.74
593,24.06
593,23.89
593,24.39
593,24.22
593,24.36
593,24.17
593,24.27
593,24.36
592,24.36
592,23.87
592,23.34
592,22.93
592,22.52
592,22.16
592,25.65
592,25.31
592,25.11
592,24.72
549,26.41
549,26.24
549,26.04
549,25.71
550,25.22
550,24.96
550,24.67
550,24.41
550,23.33
550,21.44
565,27.08
565,27.04
565,27.38
565,27.21
565,27.42
565,27.4
565,27.51
565,27.4
565,27.72
565,27.48
629,26.5
629,25.32
629,24.55
549,25.31
629,24.57
549,25.33
629,24.46
549,25.39
629,24.41
549,25.44
629,24.27
549,25.64
629,24.18
755,31.31
549,25.8
629,24.27
755,31.24
549,25.87
629,24.11
755,31.21
549,26.02
755,31.14
549,25.78
755,30.9
549,25.71
755,31.02
755,30.87
755,30.8
755,30.93
755,31
565,27.1
565,27.4
565,27.3
565,27.48
565,27.64
565,27.12
565,27.29
565,27.12
565,27.06
565,27.04
592,28.63
630,23.39
592,28.86
549,25.45
630,23.69
549,25.5
630,23.57
549,25.51
630,23.79
592,28.78
549,25.75
630,23.67
592,28.51
549,25.86
630,23.78
592,28.67
549,25.94
630,24.04
592,28.82
549,26.17
630,24.09
592,28.45
549,26.3
630,24.2
592,28.45
549,26.49
630,24.42
592,28.48
549,26.38
592,28.57
632,20.69
632,21.05
632,21.1
549,26.78
632,21.52
549,26.66
631,21.74
549,26.53
631,21.98
549,26.38
630,22.46
549,26.38
630,22.78
549,26.27
630,23.33
549,26.42
630,23.3
549,26.49
549,26.78
549,26.8
565,27.61
565,27.64
565,27.66
565,27.81
565,27.72
565,28
565,27.91
565,28.13
565,28.04
565,28.13
549,27.1
549,27.08
549,26.87
549,26.77
549,26.61
549,26.67
549,26.14
549,25.81
549,25.35
593,15.84
593,14.82
593,14.85
593,15.15
593,15.37
593,14.71
593,14.79
593,14.72
593,14.5
593,14.51
576,14.68
576,14.63
576,13.91
576,14.39
593,19.57
593,19.63
593,20.14
593,19.61
593,19.57
593,19.75
593,19.52
593,19.67
593,19.47
593,19.47
576,11.67
576,5.75
593,13.92
593,14.27
593,18.67
593,17.02
593,14.95
593,13.93
593,20.55
593,20.7
593,20.39
593,19.64
576,11.35
577,11.1
593,18.4
593,18.3
593,18.59
593,18.54
593,18.59
593,17.51
593,17.82
593,17.98
593,18.26
740,13.44
740,13.9
593,17.09
740,12.86
576,13.02
740,14.82
576,12.77
576,13.87
740,14.63
576,13.37
740,14.7
576,12.48
740,14.55
576,12.18
740,14.7
576,12.67
740,14.21
576,12.43
740,14.28
576,13.99
576,14.13
576,14.15
593,18.64
593,18.87
593,19.15
593,19.48
593,18.59
593,18.68
593,18.78
593,18.79
593,18.31
593,18.46
576,14.81
576,14.6
576,14.84
576,14.64
576,14.53
576,14.6
576,14.69
577,7.75
578,2.84
577,6.33
578,0.12
577,7.84
593,16.15
593,16.38
593,18.07
593,17.08
593,16.52
593,16.25
593,21.88
593,21.58
593,20.88
593,19.57
577,11.34
577,11.5
577,11.53
577,11.5
577,11.7
577,9.49
577,11.29
577,11.05
554,9.79
554,6.56
554,7.79
554,4.02
555,4.4
588,21.89
556,18.87
556,18.45
588,21.75
556,18.1
628,4.31
588,21.73
556,17.7
588,21.71
556,20.54
588,21.69
556,20.17
588,21.74
556,19.81
588,21.92
556,19.12
570,24.3
570,24.91
570,24.49
628,3.65
570,25.17
570,25.22
570,24.89
570,25.12
570,24.9
570,25.23
570,25.2
588,21.99
588,21.89
556,21.64
588,21.65
556,21.19
556,22.2
628,5.22
556,22.17
556,22.13
628,1.54
556,22.35
556,22.19
556,22.13
556,21.95
556,22.01
570,25.9
570,25.73
556,21.98
628,6.58
628,5.87
570,25
570,24.97
570,24.63
570,24.66
570,25.9
570,26.06
570,25.04
570,25.6
556,22.02
555,10.87
555,7.86
555,16.25
555,14.4
555,13.02
555,12.15
555,17.61
555,17.75
555,17.38
556,17.61
556,17.63
555,17.76
570,24.26
570,24.45
570,23.89
570,24.15
569,24.73
569,24.29
570,23.71
570,23.62
569,24.04
570,23.88
556,17.57
556,17.49
556,17.47
753,27.45
753,27.72
753,28.01
753,28.2
745,7.21
745,5.3
628,7.4
745,3.56
628,10.31
628,10.61
628,10.77
628,10.84
745,3.97
753,28.48
753,28.09
753,27.69
753,27.34
753,27.23
753,27.29
754,29.78
628,6.38
754,30.08
755,30.68
628,6.57
745,3.96
745,3.87
628,5.81
628,24.45
628,6.36
628,23.97
627,23.62
628,6.05
627,23.96
744,4.37
627,24.15
743,6.33
627,23.58
627,23.27
627,22.36
627,21.79
627,22.04
628,4.31
753,28.47
753,28.57
753,28.73
753,28.81
753,29.21
753,29.15
753,29.56
755,31.1
755,31.39
628,5.72
628,6.6
743,8.62
628,5.98
743,8.76
628,4.94
628,25.97
743,7.14
628,25.71
628,25.54
743,5.39
628,5.21
628,25.45
628,25.39
743,5.53
628,25.49
628,25.73
628,25.59
628,25.25
628,24.81
755,30.79
755,30.81
755,30.82
755,30.58
755,30.62
755,30.55
755,30.65
755,30.89
755,31.41
628,8.27
628,4.56
628,7.18
629,24.12
629,24.38
628,8.56
629,24.91
629,25.15
629,25.28
629,25.63
628,25.8
628,25.81
628,25.79
628,25.88
755,31.69
755,31.69
755,31.66
755,31.76
755,31.66
755,31.86
755,31.65
755,31.58
755,31.38
575,21.69
575,22.03
575,21.96
575,21.9
575,22.17
575,22.38
575,21.28
575,20.67
575,20.04
575,19.84
747,10.74
747,11.22
747,9.72
747,8.45
747,8.25
747,8.45
747,8.69
747,9.37
747,9.32
747,9.23
747,9.3
753,29.37
753,28.98
753,28.77
753,28.87
753,28.63
747,8.51
747,8.16
747,7.76
747,8.23
747,7.66
753,30.6
753,30.39
753,29.97
753,29.64
753,29.5
585,17.28
585,16.84
585,16.4
727,29.81
585,15.72
727,29.36
733,13.63
676,15.12
585,17.59
585,10.68
733,11.64
625,0.56
733,12.11
574,22.77
733,12.5
574,22.75
733,12.68
585,15.01
733,9.82
585,13.98
733,10.53
585,12.95
733,10.8
585,11.73
733,11.21
574,22.97
583,26.05
574,23.08
574,22.73
574,22.67
671,10.68
574,22.58
583,26.41
574,22.41
583,26.41
574,22.65
583,26.33
574,22.79
583,26.4
583,26.08
727,29.95
676,12.72
583,26.23
727,29.66
676,13.32
583,26.35
727,30.31
676,14.63
727,30.2
676,14.55
727,29.49
671,11.15
727,29.54
672,11.46
727,29.53
673,11.64
727,29.44
674,12.29
585,8.78
585,7.69
724,29.97
734,8.87
671,10.19
585,10.08
574,22.48
734,7.78
574,22.18
574,21.88
734,8.23
585,8.32
734,7.76
585,8.97
734,8
574,21.45
574,21.32
574,20.96
574,21.76
584,25.38
574,21.87
584,25.73
724,29.44
574,21.92
584,26.29
574,21.68
584,26.63
584,25.2
724,29.81
724,30.16
671,6.42
584,25.07
724,29.38
584,25.05
724,29.63
671,9.78
724,30.06
724,29.96
724,30.16
584,25.58
724,30.06
575,14.57
585,13.18
563,23.24
575,14.35
585,13.14
563,23.17
575,15.01
585,13.14
575,14.82
585,13.28
575,14.92
563,23.47
734,7.24
575,15.02
585,10.58
563,23.4
585,12.23
563,23.2
634,23.19
734,7.59
585,12.66
563,23.38
634,23.06
574,20.75
563,23.75
634,21.99
734,5.77
574,20.18
563,23.88
634,22.93
574,19.89
563,23.79
634,21.7
734,6.14
574,19.62
563,23.83
634,21.91
585,13.21
634,19.75
585,13.02
634,20.73
585,12.66
634,19.58
735,5.77
634,19.83
574,20.58
574,21.19
583,26.37
583,26.31
574,19.29
583,26.31
724,29.82
574,19.1
583,26.42
724,29.68
574,19.35
583,26.33
574,19.76
583,26.26
723,29.14
583,26.69
722,29.14
724,29.48
583,26.42
724,29.31
575,12.97
721,29.12
575,12.05
721,28.79
575,14.24
722,29.22
575,14.15
721,29.12
575,14.91
585,11
575,15.44
585,11.21
563,24.62
575,14.32
585,11.19
575,14.71
585,10.85
575,13.15
585,12.06
563,23.79
575,13.81
585,11.72
563,23.66
735,5.1
585,11.34
563,24.23
635,23.72
575,12.54
585,11.15
563,23.97
735,5.71
574,21.48
563,23.2
635,24.02
574,21.7
563,23.31
635,23.76
735,6.39
574,21.44
563,23.41
634,24
574,21.48
563,23.45
634,24.17
735,5.69
585,10.69
634,23.66
585,10.97
634,23.95
563,23.21
634,23.55
574,21.4
634,23.59
735,7.56
583,25.96
583,25.97
634,23.31
574,21.63
583,26.18
721,28.56
574,21.9
583,26.18
721,28.56
574,21.9
583,26.13
721,28.69
583,26.4
721,29.46
664,0.51
583,26.35
721,29.76
583,26.36
721,28.9
721,29
575,16.13
721,30.05
575,15.63
721,29.92
663,5.3
575,15.83
721,30.02
576,9.48
575,16.16
576,10.53
575,16.46
576,8.87
575,16.78
575,15.95
575,16.06
575,16.06
576,12.07
576,12.62
576,11.87
576,11.96
576,11.11
576,11.76
575,13.89
575,14.01
575,13.56
575,13.78
575,13.2
575,14.68
575,14.47
575,14.56
575,14.14
575,14.44
585,13.3
585,13.01
585,13.15
585,13.93
734,12.09
585,14.02
734,11.42
585,14.32
734,10.42
585,13.25
734,13.67
585,13.42
734,13.36
585,13.38
734,13
585,13.73
734,12.44
734,14.85
683,17.36
734,14.8
683,16.89
734,14.35
683,16.27
683,14.71
683,14.99
683,15.08
683,15.38
683,15.41
683,14.93
683,14.62
575,16.25
585,14.89
576,0.9
575,16.3
585,15.36
575,16.28
585,15.62
575,16.27
585,16.12
575,16.11
575,16.08
575,16.2
575,16.05
585,17.63
733,15
585,17.62
733,14.6
733,14.44
574,22.3
734,14.62
585,16.64
733,15.99
585,17.08
733,13.29
585,17.51
733,13.79
585,17.6
733,14.31
574,21.48
574,21.69
574,22.02
733,13.29
676,15.66
574,22.28
733,12.91
676,16.06
574,22.04
574,21.89
574,21.74
574,21.71
676,17.49
676,17.35
676,17.28
576,8.65
676,17.29
574,22.5
676,16.26
576,6.98
676,16.6
676,16.6
576,5.19
676,17.01
581,0.11
582,6.26
583,7.23
583,7.04
583,10.49
583,8.22
583,11.45
562,25.33
562,25.02
562,25.86
562,25.57
562,23.99
634,20.86
562,23.6
634,20.65
562,24.89
634,21.68
562,24.36
634,21.26
634,22.43
634,22.19
562,23.49
634,23.46
562,23.42
634,23.1
634,24.06
634,23.83
582,29.72
582,29.74
582,29.57
582,29.5
582,30.25
721,30.36
582,29.99
722,30.3
582,29.89
721,30.45
582,29.82
721,30.58
722,29.73
722,29.73
722,30.2
582,30.13
722,30.17
722,29.65
722,29.38
562,24.06
562,24.38
563,24.01
562,25.12
634,19.12
562,25.49
562,24.51
634,18.57
562,24.86
634,18.75
562,25.76
634,18.32
634,18.49
562,25.5
634,18.84
562,25.81
634,18.56
634,19.59
634,19.16
634,20.18
582,27.59
582,27.46
722,29.3
582,27.3
582,28.27
722,29.18
582,27.95
722,29.36
582,27.61
722,29.23
582,27.55
722,29.22
724,30.29
724,30.68
582,29.12
722,29.72
582,28.65
723,29.67
726,30.67
562,25.56
562,25.71
562,25.27
634,25.33
562,25.36
634,25.49
562,27.09
633,25.41
562,27.56
634,25.3
562,26.16
632,25.6
562,26.59
633,25.45
632,25.8
632,25.68
632,25.73
632,25.75
562,25.43
562,25.23
562,24.63
562,25.06
562,23.92
634,24.6
562,24.14
562,25.41
634,25.39
562,25.45
634,25.05
562,25.11
634,26
562,25.43
634,25.73
634,25.8
634,26
562,25.45
634,25.66
634,25.76
634,25.63
562,23.46
